roi_index,roi_label,comparison,coefficient,p_value,p_value_fdr,cohens_d,paired_difference_mean,paired_difference_sem,n_subjects,active_change_mean,sham_change_mean
26,External capsule anterior LH,recovery_minus_baseline,diffusion,0.02055344773232778,1.0,-0.6471907771925504,-0.04454882595808986,0.017208537083662667,16,-0.03743790657368076,0.007110919384409098
17,Postcentral sulcus middle LH,stimulation_minus_baseline,drift_1,0.041518996019067535,1.0,-0.5572774607621623,-0.008559499499149331,0.0038398733583459954,16,-0.005425265903454169,0.0031342335956951626
34,Corpus callosum splenium,stimulation_minus_baseline,drift_0,0.04374239326828113,1.0,0.5504578771595011,0.01978576866929901,0.008986050291167816,16,0.008281204235897136,-0.011504564433401875
48,Cerebellum VI superior RH,stimulation_minus_baseline,drift_0,0.04625075960894963,1.0,-0.5431408417714472,-0.014058492591215251,0.006470924072549788,16,-0.00651655310917652,0.007541939482038733
